{"cameraMode":{"drawMode":0,"name":"Shaded","section":"Shading Mode"},"sceneLighting":false,"audioPlay":false,"sceneViewState":{"showFog":true,"showMaterialUpdate":false,"showSkybox":true,"showFlares":true,"showImageEffects":true,"showParticleSystems":true},"in2DMode":false,"pivot":{"x":0.00005004776539863087,"y":-0.000005709144716092851,"z":-0.0000027146845695824597},"rotation":{"x":-0.10689340531826019,"y":-0.014617796055972577,"z":0.001571802655234933,"w":-0.99416184425354},"size":16.208173751831056,"orthographic":false}